รหัสวิชา	ชื่อวิชา	ท	ป	น
20000*2002	กิจกรรมส่งเสริมพระธรรมวินัย 2	0	2	0
20000*2006	กิจกรรมตามหลักปรัชญาของเศรษฐกิจพอเพียง 2	0	2	0
20000-1101	ภาษาไทยเพื่อการสื่อสาร	0	2	1
20000-1102	ภาษาไทยเพื่ออาชีพ	0	2	1
20000-1104	การใช้ภาษาไทยในยุคดิจิทัล	0	2	1
20000-1201	ภาษาอังกฤษเพื่อการสื่อสาร	0	2	1
20000-1203	การฟังและการพูดภาษาอังกฤษ	0	2	1
20000-1205	ภาษาอังกฤษสถานประกอบการ	0	2	1
20000-1206	ภาษาอังกฤษเพื่องานช่างอุตสาหกรรม	0	2	1
20000-1207	ภาษาอังกฤษเพื่องานช่างยนต์	0	2	1
20000-1208	ภาษาอังกฤษเตรียมความพร้อมเพื่อการทำงาน	0	2	1
20000-1221	ภาษาอังกฤษเพื่อเตรียมความพร้อมเพื่อการทำงาน	0	2	1
20000-1302	วิทยาศาสตร์เพื่ออาชีพอุตสาหกรรม	1	2	2
20000-1401	คณิตศาสตร์พื้นฐานอาชีพ	2	0	2
20000-1501	หน้าที่พลเมืองและศีลธรรม	2	0	2
20000-1502	ประวัติศาสตร์ชาติไทย	0	2	1
20000-1601	ทักษะการดำรงชีวิตเพื่อพัฒนาสุขภาวะ	2	0	2
20000-2004	กิจกรรมองค์การวิชาชีพ 1	0	2	0
20000-2006	กิจกรรมองค์การวิชาชีพ 4	0	2	0
20001-1001	สุขภาพความปลอดภัยและสิ่งแวดล้อม	1	2	2
20001-1002	การพัฒนาอย่างยั่งยืน	1	2	2
20001-1003	ธุรกิจเบื้องต้น	1	2	2
20001-2001	คอมพิวเตอร์และสารสนเทศเพื่องานอาชีพ	1	2	2
20100-1002	วัสดุงานช่างอุตสาหกรรม	2	0	2
20100-1004	งานเชื่อมและโลหะแผ่นเบื้องต้น	1	3	2
20100-1005	งานไฟฟ้าและอิเล็กทรอนิกส์เบื้องต้น	1	3	2
20100-1006	งานเครื่องมือกลเบื้องต้น	1	3	2
20100-1007	งานเครื่องมือกลเบื้องต้น	1	3	2
20101-2001	งานเครื่องยนต์แก๊สโซลีน	1	6	3
20101-2003	งานเครื่องล่างรถยนต์	1	6	3
20101-2004	งานส่งกำลังรถยนต์	1	3	2
20101-2006	เชื้อเพลิงและวัสดุหล่อลื่น	2	0	2
20101-2007	กลศาสตร์เครื่องกล	2	0	2
20101-2008	งานขับรถยนต์	1	3	2
20101-2016	คณิตศาสตร์ช่างยนต์	2	0	2
20101-2029	งานเขียนแบบเครื่องกลด้วยคอมพิวเตอร์	1	6	3
20101-2104	งานระบบฉีดเชื้อเพลิงควบคุมด้วยอิเล็กทรอนิกส์	1	6	3
20101-8501	โครงงาน	4	6	4
20103-2002	เชื่อมอาร์กด้วยลวดเชื่อมหุ้มฟลักซ์ 1	0	6	2
20103-2004	ทดสอบแบบทำลายสภาพ	1	3	2
20103-2006	เชื่อมอาร์กทังสเตนแก๊สคลุม 1	0	6	2
20103-2008	เขียนแบบการเชื่อมและโลหะแผ่น	1	3	2
20103-2012	ผลิตภัณฑ์โลหะแผ่น 1	0	6	2
20103-2016	วัสดุช่างเชื่อม	2	0	2
20103-2018	เชื่อมอาร์กด้วยลวดเชื่อมหุ้มฟลักซ์ 3	0	6	2
20103-2021	เชื่อมอาร์กโลหะแก๊สคลุม 2	0	6	2
20103-2022	กลศาสตร์เครื่องกล	2	0	2
20103-2029	กรรมวิธีการผลิตโลหะภัณฑ์	2	0	2
20103-2108	ชุบเคลือบผิวโลหะ	1	3	2
20103-2110	ผลิตภัณฑ์อะลูมิเนียม	0	6	2
20103-2113	เชื่อมอาร์กด้วยลวดเชื่อมหุ้มฟลักซ์ 3	0	6	2
20103-2204	โครงสร้าง	0	6	2
20103-8001	ฝึกงาน	0	8	4
20103-8501	โครงงาน	4	0	4
20901-2505	ระบบภาพและเสียง	1	2	2
20901-8001	ฝึกงาน	0	8	4
20901-8503	โครงงาน 2	2	0	2
21900-1005	เครือข่ายคอมพิวเตอร์	1	2	2
21901-2001	ภาษาสอบถามข้อมูลเชิงโครงสร้างเบื้องต้น	1	2	2
21901-2005	คณิตศาสตร์คอมพิวเตอร์	1	2	2
21901-2008	การออกแบบส่วนติดต่อผู้ใช้	1	2	2
21901-2009	การสร้างเกมคอมพิวเตอร์	1	4	3
21901-2012	การพัฒนาระบบร่วมกันด้วยแพลตฟอร์ม	1	2	2
21901-2016	โปรแกรมจำลองการทำงานด้วยคอมพิวเตอร์	1	2	2
21901-2017	เทคโนโลยีการนำเข้าข้อมูลเข้าสู่ระบบคอมพิวเตอร์	1	2	2
21910-2021	สื่อโมชันกราฟิก	2	2	3
30000-1101	ทักษะภาษาไทยเพื่อการสื่อสารในงานอาชีพ	1	2	2
30000-1202	การเขียนและการนำเสนอโครงงานภาษาอังกฤษ	0	2	1
30000-1203	ภาษาอังกฤษสำหรับเทคโนโลยีอุตสาหกรรม	0	2	1
30000-1315	การวิจัยเบื้องต้นเพื่องานอาชีพ	2	2	3
30000-1401	คณิตศาสตร์และสถิติเพื่องานอาชีพ	3	0	3
30000-2002	กิจกรรมองค์การวิชาชีพ 1	0	2	0
30000-2005	กิจกรรมในสถานประกอบการ 1	0	2	0
30000-2006	กิจกรรมในสถานประกอบการ 2	0	2	0
30001-1001	การเป็นผู้ประกอบการ	2	2	3
30001-1002	องค์การและการบริหารงานคุณภาพ	3	0	3
30001-1003	การประยุกต์ใช้เทคโนโลยีดิจิทัลในอาชีพ	2	2	3
30100-0001	งานเทคนิคเบื้องต้น	0	6	2
30100-1015	ความแข็งแรงของวัสดุ	3	0	3
30100-1016	นิวแมติกส์และไฮดรอลิกส์	2	3	3
30101-2002	เทอร์โมไดนามิกส์	3	0	3
30101-2003	เครื่องยนต์สันดาปภายใน	3	0	3
30101-2006	งานเครื่องสูบและเครื่องอัดอากาศ	2	3	3
30101-2009	งานไฟฟ้ายานยนต์	2	3	3
30101-2010	งานเครื่องล่างและส่งกำลังยานยนต์	2	3	3
30101-2011	งานปรับอากาศยานยนต์	2	3	3
30101-2013	งานเครื่องมือกลยานยนต์	2	3	3
30101-2055	โครงงานด้านเทคนิคเครื่องกล	0	12	4
30111-0001	งานเชื่อมซ่อมบำรุง	1	3	2
30111-0002	เขียนแบบงานซ่อมบำรุง	1	3	2
30111-2003	เทคนิคการวัดและตรวจสอบ	2	2	3
30111-2005	เทคนิคงานเครื่องมือกล	1	6	3
30111-2009	เทคนิคการบำรุงรักษาเชิงแก้ไขปรับปรุง	2	3	3
30111-2010	การเขียนแบบด้วยโปรแกรมคอมพิวเตอร์งานอุตสาหกรรม	2	3	3
30111-2016	เทคนิคชิ้นส่วนเครื่องกล	2	2	3
30111-2017	เทคนิคการผลิตในงานอุตสาหกรรม	1	6	3
30111-2022	เทคนิคการควบคุมคุณภาพ	1	2	2
30111-2026	โครงงานด้านเทคนิคอุตสาหกรรม 1	0	6	2
30111-2027	โครงงานด้านเทคนิคอุตสาหกรรม 2	0	6	2
31900-0006	คอมพิวเตอร์และอุปกรณ์	1	4	3
31905-2003	การวางแผนและควบคุมการผลิตแอนิเมชัน	2	2	3
31905-2006	การเขียนบทและพัฒนาโครงเรื่อง	2	2	3
31905-2007	การสร้างแอนิเมชัน	1	4	3
31905-2012	การพัฒนาเกมบนเว็บ	1	4	3
31905-2015	การออกแบบมัลติมีเดียเชิงปฏิสัมพันธ์	2	2	3
