รหัสกลุ่ม	รหัสวิชา	ชื่อวิชา	ท	ป	น	ชื่อกลุ่มเรียน
692190101	20000-1102	ภาษาไทยเพื่ออาชีพ	0	2	1	ปวช1.สารสนเทศ 69
692190101	20000-1203	การฟังและการพูดภาษาอังกฤษ	0	2	1	ปวช1.สารสนเทศ 69
692190101	20000-1501	หน้าที่พลเมืองและศีลธรรม	2	0	2	ปวช1.สารสนเทศ 69
692190101	20001-1002	การพัฒนาอย่างยั่งยืน	1	2	2	ปวช1.สารสนเทศ 69
692190101	21900-1003	การออกแบบและจัดการฐานข้อมูล	1	2	2	ปวช1.สารสนเทศ 69
692190101	21900-1005	เครือข่ายคอมพิวเตอร์	1	2	2	ปวช1.สารสนเทศ 69
692190101	21901-2001	ภาษาสอบถามข้อมูลเชิงโครงสร้างเบื้องต้น	1	2	2	ปวช1.สารสนเทศ 69
692190101	21901-2004	การซ่อมและบำรุงรักษาคอมพิวเตอร์	1	3	2	ปวช1.สารสนเทศ 69
692190101	21901-2005	คณิตศาสตร์คอมพิวเตอร์	1	2	2	ปวช1.สารสนเทศ 69
692190101	21901-2008	การออกแบบส่วนติดต่อผู้ใช้	1	2	2	ปวช1.สารสนเทศ 69
692190101	21901-2009	การสร้างเกมคอมพิวเตอร์	1	4	3	ปวช1.สารสนเทศ 69
692190101	20000*2002	กิจกรรมส่งเสริมพระธรรมวินัย 2	0	2	0	ปวช1.สารสนเทศ 69
682190101	20000-1104	การใช้ภาษาไทยในยุคดิจิทัล	0	2	1	ปวช2.สารสนเทศ 68
682190101	20000-1221	ภาษาอังกฤษเพื่อเตรียมความพร้อมเพื่อการทำงาน	0	2	1	ปวช2.สารสนเทศ 68
682190101	20000-1302	วิทยาศาสตร์เพื่ออาชีพอุตสาหกรรม	1	2	2	ปวช2.สารสนเทศ 68
682190101	20000-1601	ทักษะการดำรงชีวิตเพื่อพัฒนาสุขภาวะ	2	0	2	ปวช2.สารสนเทศ 68
682190101	20001-1003	ธุรกิจเบื้องต้น	1	2	2	ปวช2.สารสนเทศ 68
682190101	21901-2003	การพัฒนาเว็บแอปพลิเคชัน	1	4	3	ปวช2.สารสนเทศ 68
682190101	21901-2011	การพัฒนาแอปพลิเคชันบนอุปกรณ์เคลื่อนที่	1	4	3	ปวช2.สารสนเทศ 68
682190101	21901-2012	การพัฒนาระบบร่วมกันด้วยแพลตฟอร์ม	1	2	2	ปวช2.สารสนเทศ 68
682190101	21909-2009	การใช้งานแอปพลิเคชันปัญญาประดิษฐ์เบื้องต้น	1	3	2	ปวช2.สารสนเทศ 68
682190101	21910-2021	สื่อโมชันกราฟิก	2	2	3	ปวช2.สารสนเทศ 68
682190101	20000-2004	กิจกรรมองค์การวิชาชีพ 1	0	2	0	ปวช2.สารสนเทศ 68
672190101	20000-1105	การใช้ภาษาไทยเชิงสร้างสรรค์	0	2	1	ปวช.3 สารสนเทศ 67
672190101	20000-1202	ภาษาอังกฤษโครงงานบูรณาการวิชาชีพ	0	2	1	ปวช.3 สารสนเทศ 67
672190101	20001-1005	การใช้เทคโนโลยีดิจิทัลเพื่ออาชีพ	2	2	3	ปวช.3 สารสนเทศ 67
672190101	21901-2009	การสร้างเกมคอมพิวเตอร์	1	4	3	ปวช.3 สารสนเทศ 67
672190101	21901-2018	วิทยาการก้าวหน้าในอุตสาหกรรมดิจิทัล	1	2	2	ปวช.3 สารสนเทศ 67
672190101	21901-2023	โครงงานด้านเทคโนโลยีสารสนเทศ 2	0	6	2	ปวช.3 สารสนเทศ 67
672190101	20000-2005	กิจกรรมองค์การวิชาชีพ 2	0	2	0	ปวช.3 สารสนเทศ 67
693190501	30000-1401	คณิตศาสตร์และสถิติเพื่องานอาชีพ	3	0	3	ส.1แอนิเมชัน69สายตรง
693190501	30001-1003	การประยุกต์ใช้เทคโนโลยีดิจิทัลในอาชีพ	2	2	3	ส.1แอนิเมชัน69สายตรง
693190501	31905-2003	การวางแผนและควบคุมการผลิตแอนิเมชัน	2	2	3	ส.1แอนิเมชัน69สายตรง
693190501	31905-2006	การเขียนบทและพัฒนาโครงเรื่อง	2	2	3	ส.1แอนิเมชัน69สายตรง
693190501	31905-2007	การสร้างแอนิเมชัน	1	4	3	ส.1แอนิเมชัน69สายตรง
693190501	31905-2015	การออกแบบมัลติมีเดียเชิงปฏิสัมพันธ์	2	2	3	ส.1แอนิเมชัน69สายตรง
693190501	31909-2003	การพัฒนางานระบบสมองกลฝังตัวและ IoT	2	3	3	ส.1แอนิเมชัน69สายตรง
693190501	30000-2002	กิจกรรมองค์การวิชาชีพ 1	0	2	0	ส.1แอนิเมชัน69สายตรง
693190502	30000-1401	คณิตศาสตร์และสถิติเพื่องานอาชีพ	3	0	3	ส.1แอนิเมชัน69ม.6
693190502	30001-1003	การประยุกต์ใช้เทคโนโลยีดิจิทัลในอาชีพ	2	2	3	ส.1แอนิเมชัน69ม.6
693190502	31905-2003	การวางแผนและควบคุมการผลิตแอนิเมชัน	2	2	3	ส.1แอนิเมชัน69ม.6
693190502	31905-2006	การเขียนบทและพัฒนาโครงเรื่อง	2	2	3	ส.1แอนิเมชัน69ม.6
693190502	31905-2007	การสร้างแอนิเมชัน	1	4	3	ส.1แอนิเมชัน69ม.6
693190502	31905-2015	การออกแบบมัลติมีเดียเชิงปฏิสัมพันธ์	2	2	3	ส.1แอนิเมชัน69ม.6
693190502	31909-2003	การพัฒนางานระบบสมองกลฝังตัวและ IoT	2	3	3	ส.1แอนิเมชัน69ม.6
693190502	30000-2002	กิจกรรมองค์การวิชาชีพ 1	0	2	0	ส.1แอนิเมชัน69ม.6
693190502	31900-0006	คอมพิวเตอร์และอุปกรณ์	1	4	3	ส.1แอนิเมชัน69ม.6
683190502	30000-1301	วิทยาศาสตร์งานอาชีพธุรกิจและบริการ	2	2	3	ส.2แอนิเมชัน 68 ม.6
683190502	30001-1001	การเป็นผู้ประกอบการ	2	2	3	ส.2แอนิเมชัน 68 ม.6
683190502	31905-2009	การจัดทำเอกสารการออกแบบเกม	2	2	3	ส.2แอนิเมชัน 68 ม.6
683190502	31905-2011	การพัฒนาเกมบนอุปกรณ์สื่อสารเคลื่อนที่	1	4	3	ส.2แอนิเมชัน 68 ม.6
683190502	31905-2012	การพัฒนาเกมบนเว็บ	1	4	3	ส.2แอนิเมชัน 68 ม.6
683190502	31905-2019	โครงงานด้านคอมพิวเตอร์เกมและแอนิเมชัน 2	0	6	2	ส.2แอนิเมชัน 68 ม.6
683190502	30000-2005	กิจกรรมในสถานประกอบการ 1	0	2	0	ส.2แอนิเมชัน 68 ม.6
